Type,IOC
EmailAddress,support@binanncesecurity.com
DomainName,airbus.theworldcareers.com
DomainName,virgomarketingsolutions.com
DomainName,ws.onehub.com
DomainName,arriveoakbrookheights.com
DomainName,tristatecr.com
DomainName,jbf1.nc1310022a.biz
DomainName,washingtoninstitutes.org
DomainName,qjk2.6nc051221c.co
DomainName,microsoftfice.ddns.net
DomainName,ghostrider.serveirc.com
DomainName,mbcaction.hopto.org
DomainName,egnyte.com
DomainName,WINDOWINVERT.ZIP
DomainName,xred.mooo.com
DomainName,grgrherbals.com
DomainName,guitaristday.top
DomainName,go-profile.com
DomainName,micahclay.us
DomainName,vernel.pt
DomainName,gfdif0.cyou
DomainName,POSFMAN.COM
DomainName,RODEJS.COM
DomainName,APP-PORTAL.SERVEIRC.COM
DomainName,IMAP.DATEUPDATA.COM
DomainName,HIVELOCKER.HUNTERS
DomainName,T-MANUFACTURING.GL.AT.PLY.GG
DomainName,PORTAL.SHARJAHCONNECT.ONLINE
DomainName,OCTURNALAURORA.BUZZ
DomainName,ENTERTAINMENTCIRCUITWS.PL
DomainName,DIGITALBUZZFUSIONIO.RU
DomainName,bytevortexwe.ru
DomainName,github-scanner.com
DomainName,eemmbryequo.shop
DomainName,keennylrwmqlw.shop
DomainName,licenseodqwmqn.shop
DomainName,reggwardssdqw.shop
DomainName,relaxatinownio.shop
DomainName,tendencctywop.shop
DomainName,tesecuuweqo.shop
DomainName,tryyudjasudqo.shop
DomainName,eemmbryequo.shop
DomainName,keennylrwmqlw.shop
DomainName,licenseodqwmqn.shop
DomainName,reggwardssdqw.shop
DomainName,relaxatinownio.shop
DomainName,tendencctywop.shop
DomainName,tesecuuweqo.shop
DomainName,tryyudjasudqo.shop
DomainName,alcojoldwograpciw.shop
DomainName,productivelookewr.shop
DomainName,tolerateilusidjukl.shop
DomainName,shatterbreathepsw.shop
DomainName,shortsvelventysjo.shop
DomainName,liabilitynighstjsko.shop
DomainName,demonstationfukewko.shop
DomainName,iqwebservice.com
DomainName,mofaiq.com
DomainName,asiacall.net
DomainName,spacenet.fun
DomainName,1stemployer.com
DomainName,birngthemhomenow.co.il
DomainName,cashcloudservices.com
DomainName,jupyternotebookcollections.com
DomainName,notebooktextcheckings.com
DomainName,teledyneflir.com.de
DomainName,vsliveagent.com
DomainName,xboxplayservice.com
DomainName,airconnectionapi.azurewebsites.net
DomainName,airconnectionsapi.azurewebsites.net
DomainName,airconnectionsapijson.azurewebsites.net
DomainName,airgadgetsolution.azurewebsites.net
DomainName,airgadgetsolutions.azurewebsites.net
DomainName,altnametestapi.azurewebsites.net
DomainName,answerssurveytest.azurewebsites.net
DomainName,apphrquestion.azurewebsites.net
DomainName,apphrquestions.azurewebsites.net
DomainName,apphrquizapi.azurewebsites.net
DomainName,arquestionsapi.azurewebsites.net
DomainName,arquestions.azurewebsites.net
DomainName,audiomanagerapi.azurewebsites.net
DomainName,audioservicetestapi.azurewebsites.net
DomainName,blognewsalphaapijson.azurewebsites.net
DomainName,blogvolleyballstatusapi.azurewebsites.net
DomainName,blogvolleyballstatus.azurewebsites.net
DomainName,boeisurveyapplications.azurewebsites.net
DomainName,browsercheckap.azurewebsites.net
DomainName,browsercheckingapi.azurewebsites.net
DomainName,browsercheckjson.azurewebsites.net
DomainName,changequestionstypeapi.azurewebsites.net
DomainName,changequestionstypejsonapi.azurewebsites.net
DomainName,changequestiontypesapi.azurewebsites.net
DomainName,changequestiontypes.azurewebsites.net
DomainName,checkapicountryquestions.azurewebsites.net
DomainName,checkapicountryquestionsjson.azurewebsites.net
DomainName,checkservicecustomerapi.azurewebsites.net
DomainName,coffeeonlineshop.azurewebsites.net
DomainName,coffeeonlineshoping.azurewebsites.net
DomainName,connectairapijson.azurewebsites.net
DomainName,connectionhandlerapi.azurewebsites.net
DomainName,countrybasedquestions.azurewebsites.net
DomainName,customercareserviceapi.azurewebsites.net
DomainName,customercareservice.azurewebsites.net
DomainName,emiratescheckapi.azurewebsites.net
DomainName,emiratescheckapijson.azurewebsites.net
DomainName,engineeringrssfeed.azurewebsites.net
DomainName,engineeringssfeed.azurewebsites.net
DomainName,exchtestcheckingapi.azurewebsites.net
DomainName,exchtestcheckingapihealth.azurewebsites.net
DomainName,flighthelicopterahtest.azurewebsites.net
DomainName,helicopterahtest.azurewebsites.net
DomainName,helicopterahtests.azurewebsites.net
DomainName,helicoptersahtests.azurewebsites.net
DomainName,hiringarabicregion.azurewebsites.net
DomainName,homefurniture.azurewebsites.net
DomainName,hrapplicationtest.azurewebsites.net
DomainName,humanresourcesapi.azurewebsites.net
DomainName,humanresourcesapijson.azurewebsites.net
DomainName,humanresourcesapiquiz.azurewebsites.net
DomainName,iaidevrssfeed.centralus.cloudapp.azure.com
DomainName,iaidevrssfeed.centrualus.cloudapp.azure.com
DomainName,iaidevrssfeed.cloudapp.azure.com
DomainName,iaidevrssfeedp.cloudapp.azure.com
DomainName,identifycheckapplication.azurewebsites.net
DomainName,identifycheckapplications.azurewebsites.net
DomainName,identifycheckingapplications.azurewebsites.net
DomainName,ilengineeringrssfeed.azurewebsites.net
DomainName,integratedblognewfeed.azurewebsites.net
DomainName,integratedblognewsapi.azurewebsites.com
DomainName,integratedblognewsapi.azurewebsites.net
DomainName,integratedblognews.azurewebsites.net
DomainName,intengineeringrssfeed.azurewebsites.net
DomainName,intergratedblognewsapi.azurewebsites.net
DomainName,javaruntime.azurewebsites.net
DomainName,javaruntimestestapi.azurewebsites.net
DomainName,javaruntimetestapi.azurewebsites.net
DomainName,javaruntimeversioncheckingapi.azurewebsites.net
DomainName,javaruntimeversionchecking.azurewebsites.net
DomainName,jupyternotebookcollection.azurewebsites.net
DomainName,jupyternotebookcollections.azurewebsites.net
DomainName,jupyternotebookscollection.azurewebsites.net
DomainName,logsapimanagement.azurewebsites.net
DomainName,logsapimanagements.azurewebsites.net
DomainName,logupdatemanagementapi.azurewebsites.net
DomainName,logupdatemanagementapijson.azurewebsites.net
DomainName,manpowerfeedapi.azurewebsites.net
DomainName,manpowerfeedapijson.azurewebsites.net
DomainName,marineblogapi.azurewebsites.net
DomainName,notebooktextchecking.azurewebsites.net
DomainName,notebooktextcheckings.azurewebsites.net
DomainName,notebooktexts.azurewebsites.net
DomainName,onequestionsapi.azurewebsites.net
DomainName,onequestionsapicheck.azurewebsites.net
DomainName,onequestions.azurewebsites.net
DomainName,openapplicationcheck.azurewebsites.net
DomainName,optionalapplication.azurewebsites.net
DomainName,personalitytestquestionapi.azurewebsites.net
DomainName,personalizationsurvey.azurewebsites.net
DomainName,qaquestionapi.azurewebsites.net
DomainName,qaquestionsapi.azurewebsites.net
DomainName,qaquestionsapijson.azurewebsites.net
DomainName,qaquestions.azurewebsites.net
DomainName,queryfindquestions.azurewebsites.net
DomainName,queryquestions.azurewebsites.net
DomainName,questionsapplicationapi.azurewebsites.net
DomainName,questionsapplicationapijson.azurewebsites.net
DomainName,questionsapplicationbackup.azurewebsites.net
DomainName,questionsdatabases.azurewebsites.net
DomainName,questionsurveyapp.azurewebsites.net
DomainName,questionsurveyappserver.azurewebsites.net
DomainName,quiztestapplication.azurewebsites.net
DomainName,refaeldevrssfeed.centralus.cloudapp.azure.com
DomainName,regionuaequestions.azurewebsites.net
DomainName,registerinsurance.azurewebsites.net
DomainName,roadmapselectorapi.azurewebsites.net
DomainName,roadmapselector.azurewebsites.net
DomainName,sportblogs.azurewebsites.net
DomainName,surveyappquery.azurewebsites.net
DomainName,surveyonlinetestapi.azurewebsites.net
DomainName,surveyonlinetest.azurewebsites.net
DomainName,technewsblogapi.azurewebsites.net
DomainName,testmanagementapi1.azurewebsites.net
DomainName,testmanagementapis.azurewebsites.net
DomainName,testmanagementapisjson.azurewebsites.net
DomainName,testquestionapplicationapi.azurewebsites.net
DomainName,testtesttes.azurewebsites.net
DomainName,tiappschecktest.azurewebsites.net
DomainName,tnlsowkis.westus3.cloudapp.azure.com
DomainName,tnlsowki.westus3.cloudapp.azure.com
DomainName,turkairline.azurewebsites.net
DomainName,uaeaircheckon.azurewebsites.net
DomainName,uaeairchecks.azurewebsites.net
DomainName,vscodeupdater.azurewebsites.net
DomainName,workersquestionsapi.azurewebsites.net
DomainName,workersquestions.azurewebsites.net
DomainName,workersquestionsjson.azurewebsites.net
DomainName,alphaglobal.pt 
DomainName,dukastotranza.click 
DomainName,ftp.alphaglobal.pt 
DomainName,smartkontur.site 
DomainName,specificsecurity.ru
DomainName,timez0.duckdns.org
DomainName,tendencerangej.shop
DomainName,steppyplantnw.shop
DomainName,intoductionweoa.shop
DomainName,discoveriwm.shop
DomainName,steppyplantnw.shop
DomainName,defenddsouneuw.shop
DomainName,deallyharvenw.shop
DomainName,priooozekw.shop
DomainName,pumpkinkwquo.shop
DomainName,abortinoiwiam.shop
DomainName,covvercilverow.shop
DomainName,bommotmynwjq.shop
DomainName,swinngydisaosp.shop
DomainName,teenaggerwwysm.shop
DomainName,dosedcastrerwns.shop
FileSha256,03164b2f58bbe3d87013e292aa57269385dcbf661375cd261689ed4a4cea11ac
FileSha256,bc9f2abce42141329b2ecd0bf5d63e329a657a0d7f33ccdf78b87cf4e172fbd1
FileSha256,061c28a9cf06c9f338655a520d13d9b0373ba9826a2759f989985713b5a4ba2b
FileSha256,a17cae5463618c9758dd98802353f8172e343dcad936a44c5f1d1fe5ff7813f6
FileSha256,dbda8c6ed6803fd8eeb547a60ee600c101315b478fa055d4a1d0ac438fc45527
FileSha256,53b88a249d4c970ada7b688e9e44282aa3a36c44a4b170bd2988b5b53c8a224b
FileSha256,3c317dbab70d3ab4fce944c92532d111f69fd71dca5c7f7c7b8d57e657f26a1a
FileSha256,350b72b192ad0cef2708a199ae5e89572b3a2a868488d9cc97785ed5f4d9c5d2
FileSha256,fd6269ba61258f30291430d11ab1f0a6cf13e23d0fb9e6850212d6a1e4ead7ca
FileSha256,2e0ca43a984cd2137532a52b6f150fead8ad6b6f422ce6bda3b66bb8804ca021
FileSha256,ee573647477339784dcef81024de1be1762833a20e5cc2b89a93e47d05b86b6a
FileSha256,F9B561EB43A91DCBD512EF11BBF3A5FDEE4FCF87E50BD09D28CD6C6C5D0411A0
FileSha256,A9DE27C594B4A15EFA7AF25C3B649B8FD04C6D3D5C2386B224DA8FABFE685D0F
FileSha256,23841C12FB0A7D6E3C745E0FE22F8C4F8DEAEE07877F1E779A6518A1CDB7D125
FileSha256,52B7D135CD175F8491BE42EA149EDBF37C6BFCB0D60795D3DDA85AFCFC0342C5
FileSha256,4B00D4092E4E251EC06A67CFDF31F8C36083AA16218B4B01D2F5435FAC9A5020
FileSha256,72D64CC003975D22B6F5D1D1E7CB7F70E4D698E2B74A1F0F511B8BA60417FE1F
FileSha256,092CA5A50A0BF1D8F7B4E38FD80474F31F1D4EB8036AC13E101421B5DF1687DB
FileSha256,8710FB677082DCCBF4C17BD1CA8AA582F6ABDAEE0289BFD555F41CC8812BC983
FileSha256,2D614F088F486F0870B3839DDB361E33EFB73526A0A585F691874039F23171CC
FileSha256,DD98133B825A1632879B689B864B15A66741208343BC8BA080354E0133181D69
FileSha256,7B3022437B637C44F42741A92C7F7ED251845FD02DDA642C0A47FDE179BD984E
FileSha256,D955A1694C05450D5ADF16C112481544F1F1C54A02CD3BDBA5CD85CAA656369C
FileSha256,A87B6664B718A9985267F9670E10339372419B320AA3D3DA350F9F71DFF35DD1
FileSha256,56E1D092C07322D9DAD7D85D773953573CC3294B9E428B3BBBAF935CA4D2F7E7
FileSha256,79B19464208B53C62A921A56B5E1C0510DC7730926D210AFBBA577773CF626A4
FileSha256,4429D80786F170144D796AAF89DBF42BF4355B5C44EB59F1969C8F0EDEF0D5B9
FileSha256,84334C43B3C28D1112F04331FB6751FBAC912075EF467A7C0CA43C8FF836C422
FileSha256,32667EC585E2352DB8837755FC2205D81078501391DFB28BC79B7572F6C23C44
FileSha256,4BE1F385CB4C1BC4D055568807A8D632C0E550184817FCDB602D1A75134336F9
FileSha256,7F13CA9848086E3DE9BE971EA8D44EA97EC289C4565CE35B0049C8B534FCCBEF
FileSha256,E3880C7DB78E09748FE9CAF02F330B1C61CD3AAAA31FFE93FB5BA1FB1035F761
FileSha256,A23ADCCE96B743D1ECC5A0410FDB6326AE7FFF2E78917F51CC70497320DBE750
FileSha256,01B7306554F6E6BAC63F5524588FF5C880B5AFB4394074D1C132ECC554C72C83
FileSha256,2F86ACDFDF19C1719189FB121CC9391453D83989AA5C07D4144C9FB6585610CC
FileSha256,306ADAB1769C48E09E5A637C82B6B32CD57E4895CC727860F02B558F406E7F34
FileSha256,3969E1A88A063155A6F61B0CA1AC33114C1A39151F3C7DD019084ABD30553EAB
FileSha256,7180F5A1C2554B77B4C21A727CCA65CC0F9F023F6CAC05B295D7172DAD07023F
FileSha256,F81A2E8A2A272E0BDAE4E267FA220D6D40E23214087F33BDCDAB6C7AD10B60B8
FileSha256,50451bb5b6d68115695a6cb277839a6dd2bad8f70bdb8b79670b18dcde188965
FileSha256,4519baebba73827e2b33f36f835d6cb704755abf1312d8d197be635f4d9ffade
FileSha256,f40c04fb9e2d4157a0bc753925dbc5f757feb77cdd22f90fedf3cc5e095143bc
FileSha256,3ed99aad5922744b6a75ea90ea6ece81ba0d8eb9935aec38b897e44ac3b36c35
FileSha256,2acc6a2a931db63fe3a875780f00192a60955c9794df68fe0ace0012d309b04f
FileSha256,1c437dc9e929669e5a65a1c70afb3107fba471afb9ad35e3848334c9332f2b59
FileSha256,dcd9a5af1c6297ed1a66c851efa305000335d8ade068ba515125a6612f1d5300
FileSha256,a79f80158ebbf9e34f6a7ec86b564de2fbee783fe6c1e20eefe2832226e2f827
FileSha256,4591b4fb1c93c27203b36c773597fd3f885338ad7641dcebf8ed2395acdf4a5f
FileSha256,80baadc163ab14128a8d3f65de093a400f5ae8e27ec979918cf065cea38af7f8
FileSha256,cb284b2e846181a6148059d592c9e6687567433810d1376a8e6f83cb5347c93b
FileSha256,45fc722b9959384fa46be673c246c9fc94491898a9b1aef6b4a408d81e6fed0f
FileSha256,47501cebf0b4ffbf5171d811c1517ea4fce178d925fcc4a3b3057be211add88b
FileSha256,2a5ea4b166163bf028c4f3c8d4dc1cd6788e991b7300b5ea948e38ec4f6ac8fd
FileSha256,d2ba18a8b851b87163e42807a3541d17b272b679045d2de00364a718973cb5d4
FileSha256,bdf838ca2268c6a33718c3682a03118213652903568d66fba362d3ce18b4b4cf
FileSha256,218a64bc50f4f82d07c459868b321ec0ef5cf315b012255a129e0bde5cc80320
FileSha256,7b0709ec1f6e0eda3205a4ebdafbd2484f0590bbfe6ddd7c82d979f0f471e664
FileSha256,7fba5ab17972daa6250f3097c5254c4cf0e5e19889e10c02307f73c7481b4d5e
FileSha256,ce2d55a794bd7f41218796ef4a2cfab9707e8a5e8e971aa02ac8ff908b5f02f6
FileSha256,01942a2b1b64446f8bf332004f8f875e66924a8405ac049fd0bb8d03c992fba6
FileSha256,2B6C8AA2AC917D978DFEC53CEF70EACA36764A93D01D93786CC0D84DA47CE8E6
FileSha256,385EBE3D5BD22B6A5AE6314F33A7FA6AA24814005284C79EDAA5BDCF98E28492
FileSha256,2EBF051F6A61FA825C684F1D640BFB3BD79ADD0AFCFF698660F83F22E6544CBA
FileSha256,AB59A8412E4F8BF3A7E20CD656EDACF72E484246DFB6B7766D467C2A1E4CDAB0
FileSha256,91e268e53754fcaaab91a3ad32ca4f67fbfc4903e75733a7174d28e1b85dd190
FileSha256,3669c3c9c47a5e5c59f508976a2732aa1feabfa7c90d1912032e3426c30edde5
FileSha256,060DE3B4CF3056F24DE882B4408020CEE0510CB1FF0E5007C621BC98E5B4BDF3
FileSha256,64A49FF6862B2C924280D5E906BC36168112C85D9ACC2EB778B72EA1D4C17895
FileSha256,148C456E83E746A63E54EC5ABDA801731C42F3778E8EB0BF5A5C731B9A48C45D
FileSha256,2F5624DCDA1D58A45491028ACC63FF3F1F89F564015813C52EEBD80F51220383
FileSha256,98B7488B1A18CB0C5E360C06F0C94D19A5230B7B15D0616856354FB64929B388
FileSha256,A484FA09BE45608E23D8E67CD28675FA3E3C4111AF396501385256CE34FF1D95
FileSha256,8D8D7EB1180C13ED629DCEAC6C399C656692A6476C49047E0822BEC6156A253A
FileSha256,42acdf5051bc636dbbb56483fbca925238f1c5422497e2dda73f07b0653e56f2
FileSha256,3ab29bc71ddd272f33f17c5108c044a570610c06ccba16cde1a4aa67b1524a8b
FileSha256,068f5adf9c87d0b3fa8a37056042e76139bb230a9fd559028eb13cdf360ebbaa
FileSha256,dcdaa9da5ee4750b1084f7dd99faeed2c713595bb156ac6491b29c2f9e0a1ade
FileSha256,b85ffc8af90d4312aca9a81e0da00aabe6278fd9c92e933aec7e2da80c2c1f7e
FileSha256,0b3a08a1d90bf52dbf5379c72b8e2b6e76aa1fbf2c2e6c2d32af99c4707598a7
FileSha256,1388f124c6af24eefe5483a5a50ab186abdf51a89875036f7383ea51139ab4b4
FileSha256,ec929123c9a7e9c60868381ba479f7567f0177d09b412e0a1bd4cecc448ba10d
FileSha256,2aaa32bc71e5c4be1c5c42894ff28d7d3a30ffc684edff25ae12215ab3789b38
FileSha256,81e3e31ffd8aa0a96f48eeb638eed9e9344ffb65537cbeb8a357c92f0999555c
FileSha256,e3141cccc2caef9c1782b7c1beb55ddf9086fb6e5a645d61ba89dbb3d415d49d
FileSha256,577ca702d73f2090ce583c5b1fbfcb3101d3c79722c98b3aa8dc6598296182f4
FileSha256,0644b3ffc856eb54b53338ab8ecd22dd005ee5aacfe321f4e61b763a93f82aea
FileSha256,9793ea98b7fbd43f0a7273594d7b4e53338048c651c33fbfdbeb1cc275957996
FileSha256,e733b9444106ca37c3ef9e207ac6c813b787614496b275c1a455fccc3aca1c4a
FileSha256,cfaec2a27dc9667443bc5be81b66e01c42ad5d83a90393e4dffc396e46f99ee7
FileSha256,497e6965120a7ca6644da9b8291c65901e78d302139d221fcf0a3ec6c5cf9de3
FileSha256,a9c92b29ee05c1522715c7a2f9c543740b60e36373cb47b5620b1f3d8ad96bfa
FileSha256,497e6965120a7ca6644da9b8291c65901e78d302139d221fcf0a3ec6c5cf9de3
FileSha256,068f5adf9c87d0b3fa8a37056042e76139bb230a9fd559028eb13cdf360ebbaa
FileSha256,e3141cccc2caef9c1782b7c1beb55ddf9086fb6e5a645d61ba89dbb3d415d49d
FileSha256,e733b9444106ca37c3ef9e207ac6c813b787614496b275c1a455fccc3aca1c4a
FileSha256,0b3a08a1d90bf52dbf5379c72b8e2b6e76aa1fbf2c2e6c2d32af99c4707598a7
FileSha256,2aaa32bc71e5c4be1c5c42894ff28d7d3a30ffc684edff25ae12215ab3789b38
FileSha256,9793ea98b7fbd43f0a7273594d7b4e53338048c651c33fbfdbeb1cc275957996
FileSha256,ec929123c9a7e9c60868381ba479f7567f0177d09b412e0a1bd4cecc448ba10d
FileSha256,81e3e31ffd8aa0a96f48eeb638eed9e9344ffb65537cbeb8a357c92f0999555c
FileSha256,a9c92b29ee05c1522715c7a2f9c543740b60e36373cb47b5620b1f3d8ad96bfa
FileSha256,0644b3ffc856eb54b53338ab8ecd22dd005ee5aacfe321f4e61b763a93f82aea
FileSha256,3ab29bc71ddd272f33f17c5108c044a570610c06ccba16cde1a4aa67b1524a8b
FileSha256,577ca702d73f2090ce583c5b1fbfcb3101d3c79722c98b3aa8dc6598296182f4
FileSha256,b85ffc8af90d4312aca9a81e0da00aabe6278fd9c92e933aec7e2da80c2c1f7e
FileSha256,dcdaa9da5ee4750b1084f7dd99faeed2c713595bb156ac6491b29c2f9e0a1ade
FileSha256,cfaec2a27dc9667443bc5be81b66e01c42ad5d83a90393e4dffc396e46f99ee7
FileSha256,42acdf5051bc636dbbb56483fbca925238f1c5422497e2dda73f07b0653e56f2
FileSha256,1388f124c6af24eefe5483a5a50ab186abdf51a89875036f7383ea51139ab4b4
FileSha256,3368d7c3e01ae5c705b3461d99d39b7622333786503a651e09940d5ca3b7d191
FileSha256,f681e8f26091a2a5ed40f477340a06140bbee4fa91eb5fe5a71b40da43affb46
FileSha256,ebe7c0a067c87ada62581531981365304364f4675be7cde328201395e942af9c
FileSha256,c4889b43da6309c9a8b38994ab0322092e3f418fcf2b15848a7150032bb35803
FileSha256,bedfb94f9d8fe08c28d2d97f262f591de8ad734e1fdbcb16d212ad7a7dcb687b
FileSha256,d97129fbd5ae1087f7213df4fcc18212abfcc2f72622e6cafc334f3909d0ee55
FileSha256,8e666c4e7cbcb8899a76b09ccaf60dd45799b5b5d7a5143abb012dcb572baf08
FileSha256,a3aba60bf868fc97ffe7995065f226a5b92e4fc5f354dffaddff3f65ccf5d2a0
FileSha256,4b86a06ef40222e21a961d65def4791b5dbdfc35b6ded4d8cab9e799d5cfef52
FileSha256,81c775f9540a66fded643fe4ec53dbbf35742bd3b069d95d689da313fc9b80a9
FileSha256,8c1ca31bebe8d473cce4c0cd8da5586da2edb438436a2361cce072e526960e8a
FileSha256,04494e350e886b19e6ecc49092e12b4fff00fe76e2d751f84007f50cd14e29b1
FileSha256,c42166ae0513b845f60494d7f52d13752cea2bc609231c47856b551fb6f151ab
FileSha256,5494cfc931fca9f7945e8a4f92802c307a2f1515fc4286a3f4100f60bb0119e7
FileSha256,81c775f9540a66fded643fe4ec53dbbf35742bd3b069d95d689da313fc9b80a9
FileSha256,c427e59479675a625503894800dcda851b78adc90391cdb49c3a953aa3c079d4
FileSha256,97d3017bd27c5b39e94cbd4cf1d3cba17c088fdd67efbf7b3ccd444f1e8f3727
FileSha256,34e7c6eef4a444c643cf32eb8362076f0e361f0c8ce4bcfa3ea23c131873f9e4
FileSha256,5be6d9a07cb0482f7b2783271b8f08635516ff21e011d5a892219fa4a6c53380
FileSha256,4fbc2c0a5c88a3b7a9216a914ce4a86cc376db064e90f44ad56a433bbd204b61
FileSha256,4b61225889b45c6a7f5409ee501edb84ad4d6d9bf026f6b5c5ee0cc323823c4f
FileSha256,7a59f0ec0fb3d22d475b5ddf96c8ccb1d47b0963f9e84f9fdcb4edd156e7985f
FileSha256,a679391d514f5492bbfd4183dc5f12667dca3cd9c40e8a4d156f0ccaab7a85be
FileSha256,7d3146427b63b88b7d5dc71a9842c42c904c0f8d1107f057405f5997dec04714
FileSha256,42c9ae7cc1b268c7a81fa53547429b43c0e2ab38ea56c681e0e800a5a9cff8be
FileSha256,ab13979136726c045df033acaddb74dbbfa47253fca86789e2377e1aa68c3b94
FileSha256,191b0a479bc63d6ef31164b1b124d8595ffe0d9af189be9a4b0a074d22e889dc
FileSha256,c65e8ae7c47aeb834d1b14f09542ea604497bb30b8a3d5bb1e17d77d87745db5
FileSha256,5d3cee7d02e3583a26b386274b72a471f6ab3fdee3304c4a9adff2e0c7e9c268
FileSha256,193cab93f3b4562276c2a66545cb0989f347f434215c4249b21a233e561a2e0d
FileSha256,e00d15c286ea62025a50e8241a0731c86dd5a66b6e9914ec86ae236c513bba51
FileSha256,81c775f9540a66fded643fe4ec53dbbf35742bd3b069d95d689da313fc9b80a9
FileSha256,25d0c12f16b01612c447c75b8a4f013a2152b3f9a6251cec35aca90d902990d5
FileSha256,a094b0cc4ae679c7cc50aaea4a59d08fb7db868148c7d0e79baf831d34d6171d
FileSha256,cb2e830d6df32fd5168d39a10d138a1f724651b7dcc561b2b87b59cc96ebb20a
FileSha256,79f9c634b776b84d6d79f88b409bc91f8c4a8ade7da697c431fe41776b51b6b1
FileSha256,f24e37c129748051372ee9142db43348f2706182a2f98ba06e02da4af82fbc44
FileSha256,1a088af9cd8038f62470f2a8a3436db8b384a1b27d29acee352faf5efcc191b9
FileSha256,e102e5718d129597b774185d62035af43b61f63bf355ad8eba4d7ce8197ee80b
FileSha256,5cba91d402d617686ac0520d932273d36145c787de8a2701107ad09a1611af18
FileSha256,adb48e837c64225368f526117c0c8012793b6df23b37daee4eef688a9a84531e
FileSha256,7099c54e39d4acbdd91ee4c47ed3d3f8e3d2913959b23e7a56e3435500fcc9c2
FileSha256,137b72cbe967bf65ce417d0fe59a853bb9cf0a314086614c61fbe4345b3eeff8
FileSha256,92537d819734351b6253d8f6d46ea9ac7ea0cc333ca931c6294ea725c67a760f
FileSha256,95e3b81574e6cbbd2efa792b1d4aadf9acfd6514e469b1e15eae7988f050cf2e
FileSha256,1a540e531c521fd2d18ea3b8d4d4557428fa58c08a7cd7298d35f68549cee60f
FileSha256,95e3b81574e6cbbd2efa792b1d4aadf9acfd6514e469b1e15eae7988f050cf2e
FileSha256,a094b0cc4ae679c7cc50aaea4a59d08fb7db868148c7d0e79baf831d34d6171d
FileSha256,9a4a1efcc0eebc5159f2f14d936e870d82d5eec9abcf53fbe3d1e6f432ef730a
FileSha256,6a6f4660a9df60fb27ae57865989940a208b62ef4569e06ce993736ca90451e0
FileSha256,f2189e5d107981a6e7584427a5a542e479a8a63d3dfc8ac7567688725b48887f
FileSha256,3e6be85128d2bae4a3f00d3e27287087b7043e306047fcf4561bbaa793646d17
FileSha256,25db6783f5568397b5085938adda31eec42aa3bc9fdc6648a6e5af29d56f7b0f
FileSha256,6a1cb5f2004d5d07b091b05c27ee761aecab2fca1a31b9b3249b2d25880d734f
FileSha256,99b661c995248828cd7939dc7678fd12ef8e88d16e2354615262f20d920d4389
FileSha256,0d974b9e6ee67eff9bc1593526baf50714bc4475aeb9a1b88bfc8178b7801846
FileSha256,53b9f62a84845921cc50a57288e87647ef0b51899de99a649a691dbc2a507431
FileSha256,0d9cb443e8821b68e9c062293536e83f5ff9affdd30e16d374ab0247f6692f7e
FileSha256,bd264058a69bbef46000b26715935b563b1f776c2b715acfab701def700e05ac
FileSha256,d4a841fe735d9365eab6550fd0db4575c0f04459f274040e20205ad2c112004a
FileSha256,7ba180641bb4db05ac0b94247ba458133a801f369df222a1f8e8f4f6a052434e
FileSha256,72a8fc35142b76294b280b4d411d11fcdd2e69ca7f1e3d304b1c2baef8c7df84
FileSha256,b7b865ba80e7ba842159d3349efc777af4b32a4c69739d890a442bd1ba0eda13
FileSha256,5e871ae33537e7e98c81ef55e662d7052ead20195212bf16ebd6fe0a506c9638
FileSha256,4be45229ff70300aa66cf2eb23a73a558c04b6d0f4e70e0800ba8c315ab057a6
FileSha256,2f5fefcdbd00a191cf4590c1c84c86a83b7a8f934abdf41ef7e77ef7c521d273
FileSha256,ffbcafc28eb2e83603479882a17f04c4df0a9a2cbe952724c4279fc347906df0
FileSha256,6773c17d8df70d69ba3aa402edc7fe913102349218826fddf9d926f00fc1121f
FileSha256,fbf3745834e07063ca47e29d598462f273a1d172260bb21f213b8bfd0e7d7b6c
FileSha256,22d4181beaf78c2630e8a0aef390bd50ed33fd477e6a38d08a35ac6988922fd3
FileSha256,458dec29bc4efc6f5914c9ff20bbc4448a059fe1ada32b84eed9c5b9a9985a9f
Url,https://airbus.theworldcareers.com/portal/login
Url,HTTPS://APP-PORTAL.SERVEIRC.COM/FILE/SETUP/SETUP.EXE
Url,HTTPS://APP-PORTAL.SERVEIRC.COM/ZOOM/UPDATE.PHP
Url,HTTP://91.92.251.35/Downloads/solaris-docs.lnk
Url,HTTP://206.188.196.28/Downloads/example.lnk
Url,HTTP://147.45.79.82/Downloads/qqeng.pdf.lnk
Url,HTTP://91.92.243.198:81/Downloads/test.lnk
Url,HTTP://89.23.107.244/Downloads/Test.lnk
Url,HTTP://94.156.64.74/Downloads/SecretTeachings.pdf.lnk
Url,HTTP://151.236.17.180/Wire%20Confirmation/WireConfirmation.pdf.lnk
Url,HTTP://62.133.61.104/Downloads/test.pdf.lnk
Url,HTTP://62.133.61.101/Downloads/Invoice.pdf.lnk
Url,HTTP://62.133.61.37/Downloads/config.txt.lnk
Url,HTTP://89.23.103.56/Downloads/Videof/Full%20Video%20HD%20%281080p%29.lnk
Url,HTTP://62.133.61.73/Downloads/Photo.lnk
Url,HTTP://92.118.112.253/Downloads/releaseform.pdf.lnk
Url,HTTPS://91.92.251.35/Downloads/solaris-docs.lnk
Url,HTTPS://206.188.196.28/Downloads/example.lnk
Url,HTTPS://147.45.79.82/Downloads/qqeng.pdf.lnk
Url,HTTPS://91.92.243.198:81/Downloads/test.lnk
Url,HTTPS://89.23.107.244/Downloads/Test.lnk
Url,HTTPS://94.156.64.74/Downloads/SecretTeachings.pdf.lnk
Url,HTTPS://151.236.17.180/Wire%20Confirmation/WireConfirmation.pdf.lnk
Url,HTTPS://62.133.61.104/Downloads/test.pdf.lnk
Url,HTTPS://62.133.61.101/Downloads/Invoice.pdf.lnk
Url,HTTPS://62.133.61.37/Downloads/config.txt.lnk
Url,HTTPS://89.23.103.56/Downloads/Videof/Full%20Video%20HD%20%281080p%29.lnk
Url,HTTPS://62.133.61.73/Downloads/Photo.lnk
Url,HTTPS://92.118.112.253/Downloads/releaseform.pdf.lnk
Url,https://alcojoldwograpciw.shop/api
Url,https://considerrycurrentyws.shop
Url,https://deprivedrinkyfaiir.shop
Url,https://detailbaconroollyws.shop
Url,https://distincttangyflippan.shop
Url,https://greentastellesqwm.shop
Url,https://horsedwollfedrwos.shop
Url,https://innerverdanytiresw.shop
Url,https://lamentablegapingkwaq.shop
Url,https://macabrecondfucews.shop
Url,https://messtimetabledkolvk.shop
Url,https://patternapplauderw.shop
Url,https://relaxtionflouwerwi.shop
Url,https://sideindexfollowragelrew.pw
Url,https://slamcopynammeks.shop
Url,https://standingcomperewhitwo.shop
Url,https://stickyyummyskiwffe.shop
Url,https://sturdyregularrmsnhw.shop
Url,https://understanndtytonyguw.shop
Url,https://vivaciousdqugilew.shop
Url,https://store1.gofile.io/download/direct/b054535e-6f3d-4418-b301-5e285bbc3dec/DEMANDA%20LABORAL.REV
Url,147.45.44.73:1488
Url,89.23.98.116:1444
Url,147.78.103.199:2529
Url,147.45.47.64:11837
Url,http://185.231.154.22:52720
Url,http://62.113.118.157:57860
Url,http://93.183.93.185:57860
Url,http://89.208.103.185
Url,http://89.208.103.185:4000/autocheckbytes
Url,http://89.208.103.185:4000/notification_archive
Url,http://62.133.61.56/Downloads
Url,http://62.133.61.56/Downloads/Full
Url,http://62.133.61.56/Downloads/Full%20Video%20HD%20
Url,http://gceight8vt.top/upload.php
Url,https://brewdogebar.com/code.vue
Url,https://forikabrof.click/flkhfaiouwrqkhfasdrhfsa.png
Url,http://171.22.120.50/data/Browser.txt
Url,http://171.22.120.50/data/Files.txt
Url,http://171.22.120.50/data/IDCLIPNET_x86.txt
Url,http://171.22.120.50/data/Screen.txt
Url,http://171.22.120.50/data/Social.txt
Url,http://171.22.120.50/data/USB.txt
Url,http://171.22.120.50/data/chrome_updater.txt
Url,http://prozorro.online/data/spysok_kursk.zip
Url,http://prozorro.online/info/docx/recon
Url,http://ukraero.space/jobs/download
Url,http://ukraero.space/jobs/upload
Url,https://yandex-drive.petition-change.org/file_preview/commecrial_list.pdf
Url,https://support.petition-change.org/unicorn
Url,http://147.45.50.214/Downloads/demo.pdf.lnk
Url,http://147.45.50.57/Downloads/INVOICE%20340138551.pdf.lnk
Url,http://147.45.79.82/Downloads/qqeng.pdf.lnk
Url,http://151.236.17.180/Wire%20Confirmation/WireConfirmation.pdf.lnk
Url,http://206.188.196.28/Downloads/example.lnk
Url,http://62.133.61.101/Downloads/Invoice.pdf.lnk
Url,http://62.133.61.104/Downloads/test.pdf.lnk
Url,http://62.133.61.37/Downloads/config.txt.lnk
Url,http://62.133.61.73/Downloads/Photo.lnk
Url,http://89.23.103.56/Downloads/Videof/Full%20Video%20HD%20%281080p%29.lnk
Url,http://89.23.107.244/Downloads/Test.lnk
Url,http://89.23.107.67/Downloads/2023-Documents%20Shared.lnk
Url,http://91.92.243.198:81/Downloads/test.lnk
Url,http://91.92.251.35/Downloads/solaris-docs.lnk
Url,http://92.118.112.253/Downloads/releaseform.pdf.lnk
Url,http://94.156.64.74/Downloads/SecretTeachings.pdf.lnk
Url,http://91.196.70.160:443
Url,https://moduloj.lamsnajs.site/Modulo32.jpg
Url,http://rgedist.com/sfxl.php
Url,http://www.talesseries.com/write.php
Url,http://172.86.68.175
Url,http://172.86.68.175:4443/upload
Url,http://bickrickneoservice.com/Z/mrcvs.exe
Url,https://bickrickneoservice.com/Z/CERTga.msi
Url,https://oraclewebonline.com/log.php.
Url,https://oraclewebonline.com/log.php?computername=
Url,http://194.87.219.118/crypt
Url,http://comodozeropoint.com/Requests/api/Core.zip
Url,http://comodozeropoint.com/Requests/api/Core.zip'
Url,http://comodozeropoint.com/Updates/
Url,http://comodozeropoint.com/Updates/1736162964/23/Salome.zip
Url,http://comodozeropoint.com/Updates/1736162964/23/Salome.zip'
Url,https://apilumma1.fun/v1/downloadBuild
Url,https://houseofgoodtones.org/richardmilliestpe/Aunteficator_em_BHdAOse8_installer_Win7-Win11_x86_x64.msi
Url,https://unprotect.it/technique/easycrypter/
Url,https://bmtpakistan.com/solution/wp-content/plugins/one-click-demo-import/assets/asset.php
Url,https://cmasedu.com/wp-content/plugins/kirki/inc/script.php
Url,https://dstvdtt.co.za/wp-content/plugins/social-pug/assets/lib.php
Url,https://verisoftsystems.com/wp-content/plugins/optinmonster/views/upgrade-link-style.php
Url,https://www.clinicabaru.co/wp-content/plugins/caldera-forms/ui/viewer-two/viewer-2.php
Url,http://api.s2cloud-amazon.com:8080
Url,http://static.trendmicrotech.com:8443
Url,http://us2.s3bucket-azure.online:443
Url,http://visualstudio-microsoft.com:443
Url,http://198.46.174.139/42/winiti.exe
Url,http://198.46.174.139/55/winiti.exe
Url,http://198.46.174.139/66077/winiti.exe
Url,http://198.46.174.139/71/winiti.exe
Url,http://198.46.174.139/xampp/ezm/ez/somethinggreatwithmeentiretimegetmebackthingsgreatgoinggreatthignseverwewhichamazingthings___________reallygreatthingseverhappened.doc
Url,http://nw.ax/8Kx
Url,https://198.46.174.139/55/winiti.exe
Url,https://198.46.174.139/xampp/uhb/uh/wethkingwearereallyamazingtogetmebackwithnewthingstounderstandbetterthingsforyou________________sheisgreattounderstandwearego.doc
Url,http://185.123.100.160/access/Remote
Url,http://45.227.255.216:29742/ddQCz2CkW8/setup.msi
Url,https://fedko.org/wp-includes/ID3/setup.msi
Url,http://31.41.244.11/steam/random.exe
Url,http://31.41.244.11/well/random.exe
Url,https://taurihostmetrics.com/cloud/VisualStudioHelper
Url,https://taurihostmetrics.com/cloud/zsh_env
Url,http://sock.vnsame.vip:8081
Url,https://h5.kindsend.cyou/
Url,https://h5.renavnsc.com
Url,https://h5.vngame.cyou
Url,https://rpc.vnce6.xyz
Url,https://rpc.vnlwe.top
Url,http://173.212.220.247/burjdubai/.jblae/pl
Url,http://173.212.220.247/burjdubai/.jblae/y
Url,https://tydime.io/api.php
Url,http://193.3.19.108/Meta.jpg
Url,http://193.3.19.108/bart.jpg
Url,http://213.109.202.229:9000/wbinjget?q=6DDE74FFD397B5FB346F9CA050F6095C
Url,http://83.97.73.190:4819
Url,http://103.140.239.63:80
Url,http://103.57.248.202:81
Url,http://151.236.20.30:80
Url,http://158.247.194.125:80
Url,http://45.77.44.119:80
Url,http://filedn.eu/lodwtgn8sswha6pn8hxwe1j/.........../
Url,http://filedn.eu/lodwtgn8sswha6pn8hxwe1j/1.../
Url,http://filedn.eu/lodwtgn8sswha6pn8hxwe1j/tox/
Url,http://filedn.eu/lodwtgn8sswha6pn8hxwe1j/tox2/
Url,http://filedn.eu/lodwtgn8sswha6pn8hxwe1j/tox2/scan_docs#40562153.msi
Url,http://gbshost.net/
Url,http://forward-icloud.com/admin/dashboard/login
Url,https://www.silentpush.com/blog/scattered-spider/
Url,http://94.198.51.247:4337
Url,http://94.198.55.181:4337
Url,http://cicadabv7vicyvgz5khl7v2x5yygcgow7ryy6yppwmxii4eoobdaztqd.onion/
Url,http://102.0.0.0
Url,https://brewdogebar.com/code.vue'
Url,https://forikabrof.click/flkhfaiouwrqkhfasdrhfsa.png
Url,http://1.download765.online/d
Url,http://1.download765.online/d.xn--ivg
Url,http://rgedist.com/sfxl.php
Url,http://www.talesseries.com/write.php
Url,http://152.89.198.76/
Url,http://griselda.co.ua/download
Url,http://griselda.co.ua/file/griselda.apk
Url,http://slackforbusiness.net/api.php
Url,http://slackforbusiness.net/main.php
Url,http://hit-1488.com/test_gate0117.php?a=XyLGVaXA1cIfBjj&id=0
Url,http://run-df.com/gAySB.php?cnv_id=false&value=1
Url,http://document.info-cloud.ru/data
Url,http://ui.telecomz.ru/data
Url,http://y.nsitelecom.ru/certcenter
Url,http://DJVU.SH
Url,https://3proxy.ru
Url,http://45.61.129.255
Url,http://45.61.130.0
Url,http://freeconference.io
Url,http://ipcheck.cloud
Url,http://mirotalk.net
Url,http://regioncheck.net
Url,https://cryptomac.dev/download/grabber.zip
Url,http://7-zip.tw/a/7z2301-x64.msi
Url,http://7-zip.tw/a/7z2301.msi
Url,http://37.148.205.26/contadores/m4Ii5mn.php?loTX=w9d2PIfe8t72FHhKOw1PN1EQWGP2ylYFYLIMtZka0UPFOkYTUjq44k8tdOQhFkfeE1u
Url,http://37.148.205.26/contadores/m4Ii5mn.php?loTXe
Url,http://50.62.182.1/contadores/37.148.205.26:9095
Url,http://101.200.156.217:81
Url,http://101.200.63.187:53
Url,http://101.201.35.96:53
Url,http://101.201.68.58:53
Url,http://101.201.69.42:443
Url,http://106.14.175.235:443
Url,http://106.15.193.24:443
Url,http://106.15.90.75:80
Url,http://116.62.120.97:443
Url,http://116.62.142.53:443
Url,http://116.62.231.152:443
Url,http://118.31.53.137:443
Url,http://121.40.70.23:443
Url,http://123.56.45.175:443
Url,http://123.56.45.175:81
Url,http://123.57.218.176:81
Url,http://123.57.223.22:443
Url,http://123.57.223.22:81
Url,http://123.57.6.3:81
Url,http://123.57.60.94:443
Url,http://123.57.60.94:8081
Url,http://139.196.196.178:53
Url,http://139.196.89.210:80
Url,http://139.224.254.181:53
Url,http://139.224.45.232:53
Url,http://182.92.101.4:443
Url,http://182.92.101.4:81
Url,http://182.92.155.149:81
Url,http://182.92.169.60:443
Url,http://182.92.169.60:8081
Url,http://182.92.233.242:443
Url,http://182.92.233.242:8081
Url,http://182.92.243.166:1433
Url,http://39.105.107.130:443
Url,http://39.105.107.130:8081
Url,http://39.105.121.123:9999
Url,http://39.106.13.202:443
Url,http://39.106.135.228:53
Url,http://39.106.40.121:53
Url,http://39.107.101.26:9999
Url,http://39.107.231.100:53
Url,http://39.107.67.131:81
Url,http://39.107.75.91:443
Url,http://39.107.75.91:81
Url,http://47.100.121.195:443
Url,http://47.100.160.164:80
Url,http://47.100.59.42:443
Url,http://47.100.98.234:443
Url,http://47.101.137.187:8032
Url,http://47.101.43.111:53
Url,http://47.101.48.168:80
Url,http://47.102.36.88:53
Url,http://47.93.38.26:53
Url,http://47.93.47.186:443
Url,http://47.94.143.163:443
Url,http://47.94.166.190:9999
Url,http://47.94.193.44:443
Url,http://47.94.194.248:53
Url,http://47.94.20.102:443
Url,http://47.94.200.23:443
Url,http://47.94.202.137:443
Url,http://47.94.223.124:9999
Url,http://47.94.227.15:443
Url,http://47.94.229.250:443
Url,http://47.94.229.250:8081
Url,http://47.95.12.152:53
Url,http://47.95.168.191:80
Url,http://47.95.198.228:53
Url,http://47.96.106.167:443
Url,http://47.96.13.99:443
Url,http://47.96.135.49:443
Url,http://47.96.160.242:443
Url,http://47.96.5.136:443
Url,http://47.96.97.77:443
Url,http://47.97.109.62:443
Url,http://47.98.121.179:443
Url,http://47.98.173.175:443
Url,http://47.98.50.198:80
Url,http://47.99.78.41:443
Url,http://59.110.136.109:9999
Url,http://59.110.226.246:443
Url,https://bafybeifhhbimsau6a6x4m2ghdmzer5c3ixfztpocqqudlo4oyzer224q4y.ipfs.w3s.link/myscr649612.js
Url,https://bafybeigm3wrvmyw5de667rzdgdnct2fvwumyf6zyzybzh3tqvv5jhlx2ta.ipfs.dweb.link/wetrankfr.zip
Url,https://dasmake.top/reader/timer.php
Url,https://estanciaferreira.com.br/wp-includes/TIANJIN-DOC-05082024-xls.7z
Url,https://hedam.shop/simple/Enquiry.7z
Url,http://148.102.51.6/vendor/guzzle
Url,http://guzzle/src/Handler/CurlSingleHandler.php
Url,http://158.177.2.191/vendor/guzzle
Url,http://179.191.68.85:82/vendor/sebastian/diff/src/Exception/
Url,http://187.190.1.137/vendor/guzzle
Url,http/guzzle/src/Exception/detail.php
Url,http://204.199.192.44/vendor/paragonie/sodium_compat/src/Core32/Poly25519.php
Url,http://216.238.103.62:8013/vendor/guzzle
Url,http/guzzle/src/Exception/DNSException.php
Url,http://45.169.87.67/vendor/sabre/event/lib/Promise/
Url,http://64.227.0.146/vendor/guzzle
Url,https://www.auntyaliceschool.site/wp-admin/maint/
Url,https://www.miracles.com.hk/wp-content/plugins/foxiplugin/detail.php
Url,http://api.gupdate.net:443/agent.ashx
Url,https://solutionhub.cc:443/socket/
Url,https://arbeitsschutz-mmk.de/plugins/search/contacts/chrndi.php?id=1
Url,https://carniceriamartinezadria.com/wp-content/themes/twentytwentyfour/rleoec.php?id=1
Url,https://elpgtextil.com/wp-content/themes/twentytwentyfour/44snwx.php?id=1
Url,https://globalprojectvpn.com
Url,https://globalprotect.securedownload.today/GlobalProtect64.zip
Url,https://jlholgado.com/wp-content/themes/twentytwentyfour/zca2ck.php?id=1
Url,https://www.estudioemm.com/wp-content/themes/twentytwelve/d4kih3.php?id=1
Url,http://188.127.237.46/servicedll.exe
Url,http://188.127.237.46/winlog.exe
Url,http://194.87.210.134/gringo/splhost.exe
Url,http://194.87.210.134/gringo/srvhost.exe
Url,http://45.156.21.178/dlldriver.exe
Url,http://5.252.176.77/legislative_cousin.exe
Url,http://5.252.176.77/ngrok.exe
Url,http://5.252.176.77/reverse.exe
Url,http://5.252.176.77/servicedll.rar
Url,http://5.252.176.77/sherlock.ps1
Url,http://5.252.176.77/soft_knitting.exe
Url,http://5.252.176.77/sysm.elf
Url,http://94.131.113.79/resolver.exe
Url,http://94.131.113.79/splhost.exe
Url,http://193.124.33.71:3217/Scan_127-05_24_dostavka_13.05.2024.exe
Url,http://193.124.33.71:3217/Scan_127-05_24_dostavka_13.05.2024.pdf
Url,http://193.124.33.71:3217/scp231.exe
Url,https://od.lk/s/OTRfNzQ5NjQwOTJf/test.png
Url,https://od.lk/s/OTRfODM3MjM2NzVf/La_dichiarazione_precompilata_2024.pdf
Url,https://od.lk/s/OTRfODM5Mzc3NjFf/irs-p966.pdf
Url,https://od.lk/s/OTRfODQ1NDc2MjZf/SA150_Notes_2024.pdf
Url,https://od.lk/s/OTRfODQ1Njk2ODVf/2044_4765.pdf
Url,https://od.lk/s/OTRfODQ1NzA0Mjlf/einzelfragen_steuerbescheinigungen_de.pdf
Url,https://od.lk/s/OTRfODQ4ODE4OThf/logo.png
Url,https://od.lk/s/OTRfODQ5MzQ5Mzlf/ABC_of_Tax.pdf
Url,https://pubs.infinityfreeapp.com/IRS_P966.html
Url,https://pubs.infinityfreeapp.com/La_dichiarazione_precompilata_2024.html
Url,https://pubs.infinityfreeapp.com/Notice_pour_remplir_la_N%C2%B0_2044.html
Url,https://pubs.infinityfreeapp.com/SA150_Notes_2024.html
Url,https://pubs.infinityfreeapp.com/Steuerratgeber.html
Url,https://resource.infinityfreeapp.com/0023012-317.html
Url,https://resource.infinityfreeapp.com/ABC_of_Tax.html
Url,http://104.243.37.35:222/bfbupdeuiterborm/lAOdPuUqwXLVFvqT.jpg
Url,http://104.243.37.35:222/bfbupdeuiterborm/uzopuzbkrpcziwca.txt
Url,http://patriotsmaga2024.com/wp/2024/04/09/statement-from-president-trump-9th-of-april-2024/?1717411716131
Url,https://ai-usmcollective.click/videos/FinInvest_woman-performing_IT.mp4
Url,https://ai-usmcollective.click/videos/ImmediateMatrix-PNewsQZ-Invest.mp4
Url,https://ai-usmcollective.click/videos/MexicanPartnership_man_MX.mp4
Url,https://ai-usmcollective.click/videos/TotalEnergies_news_FR.mp4
Url,https://ai-usmcollective.click/videos/USM_novosti-usmanov_UZ.mp4
Url,https://hemicdn.com/1501-1400-3505.mp4
Url,https://hemicdn.com/video_5848484848485.mp4
Url,https://hybridpowerit.com/
Url,https://naatuureeffocus.com/
Url,https://quontic.site/wp-content/uploads/2024/07/449030935_482215324194392_281914555774571171_n.mp4
Url,https://blog.itochuci.co.jp/entry/2024/01/24/134047
Url,http://103.56.114.69:8085/p.ps1
Url,http://45.85.76.18:443/yPc1
Url,http://www.nss.com.tw/1.hta
Url,http://www.nss.com.tw/p.ps1
Url,https://www.nss.com.tw/calc.exe
Url,http://geoplugin.net/json.gp
Url,https://slug.vercel.app/wyiqkf
Url,https://host.colocrossing.com
Url,http://45.90.89.50/100/JNN.txt
Url,http://45.90.89.50/xampp/ien/INET.hta
Url,http://servidorwindows.ddns.com.br/Files/vbs.jpeg
Url,http://45.90.89.50/100/instantflowercaseneedbeautygirlsherealways.gIF
Url,147.45.44.104/yuop
Url,147.45.44.104/prog/66f16f7e683b4_Trippers.exe
Url,103.130.147.211/Files/CheckTool.exe
Url,185.215.113.16/inc/blackload.exe
Url,41.250.25.231:8000
Url,34.145.18.233:7707
Url,191.93.114.27:9003
Url,128.90.122.238:9999
Url,64.188.9.175:9200
Url,5.83.48.5:6001
Url,216.107.136.76:7777
Url,77.105.161.6:8000
Url,147.45.44.104/yuop/66ec3528901bb_winupdate11.exe
Url,66.63.187.123/txt/73EtsZxIoDetWTu.exe
Url,109.248.150.159/tMBNNydkDMqAIHr158.bin
Url,pub-39c431b0c306497287a06e8cea23fa74.r2.dev
Url,http://61.0.9.139:36636
Url,http://223.220.162.90:49426
Url,175.10.18.202:60598
Url,220.187.123.91:37753
Url,117.235.103.170:48850
Url,61.155.88.94:37885
Url,http://185.123.53.208
Url,193.233.252.41/jsjapd
Url,52.169.233.237/yakuza.x64
Url,59.95.112.96:60598
Url,196.191.66.189:55886
Url,117.235.123.123:39453
Url,43.254.207.198:45739
Url,117.235.123.123:39453
Url,117.235.112.70:33319
Url,admin.econ.gg/debug.dbg
Url,miraitest31.duckdns.org
Url,91.92.242.234:1911
Url,185.215.113.117/inc/
Url,https://1drv.ms/b/s!Aus28LAivxtVbrL_FbZgqbVofz8?e=3DeJJC3X
Url,https://directpathfellow.zapto.org/KgOlY/ZDS/nqHEbCJgNg/HJG/POQxsE
Url,https://directpathfellow.zapto.org/KgOlY/ZDS/nqHEbCJgNg/HJG/POQ
Url,https://acornplantdisplays.co.uk/wp/2022/07/12/progressive-law-groupexpert-legal-representation-for-your-needs
Url,https://seegnal.pl/wp-content/plugins/shortcurl
Url,https://samfw.com/SamFwToolSetup_v4.9.zip
Url,https://drive.google.com/uc?export=download&id=1BANQdDwsHMM1nV6m2Eimk5KNCYEa5a-5
Url,https://drive.google.com/file/d/1BANQdDwsHMM1nV6m2Eimk5KNCYEa5a-5/view?usp=drive_link
IpAddress,89.208.96.117
IpAddress,172.67.157.23
IpAddress,104.21.48.243
IpAddress,185.172.128.95
IpAddress,185.76.78.177
IpAddress,91.132.95.117
IpAddress,151.236.17.231
IpAddress,37.1.213.152
IpAddress,206.206.123.176
IpAddress,194.68.32.114
IpAddress,173.223.110.175
IpAddress,23.213.53.10
IpAddress,79.110.62.116
IpAddress,194.58.112.174
IpAddress,176.61.150.117
IpAddress,147.45.44.104
IpAddress,91.121.61.76
IpAddress,109.201.140.103
IpAddress,162.223.89.11
IpAddress,164.132.237.65
IpAddress,141.95.177.130
IpAddress,91.121.240.108
IpAddress,137.74.131.18
IpAddress,137.74.131.20
IpAddress,45.150.64.239
IpAddress,95.164.46.35
IpAddress,45.67.230.91
IpAddress,94.131.109.65
IpAddress,185.248.144.158
IpAddress,94.131.98.14
IpAddress,45.150.64.23
IpAddress,45.150.64.39
IpAddress,95.164.38.99
IpAddress,138.124.183.140
IpAddress,188.119.112.115
IpAddress,217.148.142.19
IpAddress,185.123.53.208
IpAddress,65.109.226.176
IpAddress,91.222.173.140
IpAddress,194.11.246.57
